epoch,lr,train_loss,val_loss,val_acc,train_loss_ema,val_loss_ema,val_acc_ema
1,0.0003,1.5344502019882202,1.5151007461547852,0.35,1.5344502019882202,1.5151007461547852,0.35
