input_variant,condition,num_runs,mean_acc,std_acc,min_acc,max_acc,seeds
full,clean,1,0.9545454545454546,0.0,0.9545454545454546,0.9545454545454546,42
full,hard_nuisance_v2,1,0.7727272727272727,0.0,0.7727272727272727,0.7727272727272727,42
full,hard_nuisance_v3_mild,1,1.0,0.0,1.0,1.0,42
full,light_noise_g002_p80_b002,1,0.9545454545454546,0.0,0.9545454545454546,0.9545454545454546,42
full,strong_noise_g005_p30_b005,1,0.9090909090909091,0.0,0.9090909090909091,0.9090909090909091,42
