input_variant,condition,num_runs,mean_acc,std_acc,min_acc,max_acc,seeds
full,hard_nuisance_v3_mild,3,0.5,0.0,0.5,0.5,42 332 2026
gate0,hard_nuisance_v3_mild,3,0.48484848484848486,0.026243194054073906,0.45454545454545453,0.5,42 332 2026
gate1,hard_nuisance_v3_mild,3,0.5,0.0,0.5,0.5,42 332 2026
gate2,hard_nuisance_v3_mild,3,0.45454545454545453,0.07872958216222169,0.36363636363636365,0.5,42 332 2026
