fusion_mode,condition,num_runs,mean_acc,std_acc,min_acc,max_acc,seeds
attention,clean,3,0.9848484848484849,0.026243194054073875,0.9545454545454546,1.0,42 332 2026
attention,light_noise_g002_p80_b002,3,0.9810606060606061,0.032803992567592345,0.9431818181818182,1.0,42 332 2026
attention,strong_noise_g005_p30_b005,3,0.9204545454545454,0.07451634686706818,0.8522727272727273,1.0,42 332 2026
attention_residual,clean,3,0.9848484848484849,0.026243194054073875,0.9545454545454546,1.0,42 332 2026
attention_residual,light_noise_g002_p80_b002,3,0.9393939393939394,0.06943296507508849,0.8636363636363636,1.0,42 332 2026
attention_residual,strong_noise_g005_p30_b005,3,0.7727272727272727,0.16388869433927222,0.5909090909090909,0.9090909090909091,42 332 2026
mean,clean,3,0.9848484848484849,0.026243194054073875,0.9545454545454546,1.0,42 332 2026
mean,light_noise_g002_p80_b002,3,0.9848484848484849,0.026243194054073875,0.9545454545454546,1.0,42 332 2026
mean,strong_noise_g005_p30_b005,3,0.7196969696969697,0.10248294892779307,0.6136363636363636,0.8181818181818182,42 332 2026
