input_variant,condition,num_runs,mean_acc,std_acc,min_acc,max_acc,seeds
full,clean,3,0.9696969696969697,0.05248638810814781,0.9090909090909091,1.0,42 332 2026
full,hard_nuisance_v2,3,0.5,0.0,0.5,0.5,42 332 2026
full,hard_nuisance_v3_mild,3,0.5,0.0,0.5,0.5,42 332 2026
full,light_noise_g002_p80_b002,3,0.7878787878787878,0.13886593015017698,0.6363636363636364,0.9090909090909091,42 332 2026
full,strong_noise_g005_p30_b005,3,0.5606060606060606,0.06943296507508849,0.5,0.6363636363636364,42 332 2026
