input_variant,condition,num_runs,mean_acc,std_acc,min_acc,max_acc,seeds
full,clean,1,1.0,0.0,1.0,1.0,42
full,hard_nuisance_v2,1,0.7727272727272727,0.0,0.7727272727272727,0.7727272727272727,42
full,hard_nuisance_v3_mild,1,0.8636363636363636,0.0,0.8636363636363636,0.8636363636363636,42
full,light_noise_g002_p80_b002,1,1.0,0.0,1.0,1.0,42
full,strong_noise_g005_p30_b005,1,0.26136363636363635,0.0,0.26136363636363635,0.26136363636363635,42
