input_variant,condition,num_runs,mean_acc,std_acc,min_acc,max_acc,seeds
full,clean,3,0.9393939393939394,0.026243194054073937,0.9090909090909091,0.9545454545454546,42 332 2026
full,hard_nuisance_v2,3,0.7727272727272727,0.0,0.7727272727272727,0.7727272727272727,42 332 2026
full,hard_nuisance_v3_mild,3,0.9393939393939393,0.05248638810814781,0.9090909090909091,1.0,42 332 2026
full,light_noise_g002_p80_b002,3,0.9242424242424242,0.026243194054073937,0.9090909090909091,0.9545454545454546,42 332 2026
full,strong_noise_g005_p30_b005,3,0.9090909090909091,0.0,0.9090909090909091,0.9090909090909091,42 332 2026
