input_variant,condition,num_runs,mean_acc,std_acc,min_acc,max_acc,seeds
full,hard_nuisance_v1,3,0.6818181818181818,0.1363636363636364,0.5454545454545454,0.8181818181818182,42 332 2026
gate0,hard_nuisance_v1,3,0.6515151515151515,0.06943296507508849,0.5909090909090909,0.7272727272727273,42 332 2026
gate1,hard_nuisance_v1,3,0.5,0.0,0.5,0.5,42 332 2026
gate2,hard_nuisance_v1,3,0.6363636363636364,0.045454545454545414,0.5909090909090909,0.6818181818181818,42 332 2026
