epoch,lr,train_loss,val_loss,val_acc,train_loss_ema,val_loss_ema,val_acc_ema
1,0.0003,1.5791375637054443,1.7514776706695556,0.16666666666666666,1.5791375637054443,1.7514776706695556,0.16666666666666666
2,0.00015499999999999997,1.3192383130391439,1.549752982457479,0.39166666666666666,1.488172825972239,1.6808740297953289,0.24541666666666667
